from_key,to_uri
researchgraph.org/nci/f9737_6449_6141_8160,http://purl.org/au-research/vocabulary/anzsrc-for/2008/0502
researchgraph.org/nci/f5598_6911_6101_9802,http://purl.org/au-research/vocabulary/anzsrc-for/2008/0406
researchgraph.org/nci/f3933_4628_9275_8464,http://purl.org/au-research/vocabulary/anzsrc-for/2008/090902
researchgraph.org/nci/f6406_5388_2095_4364,http://purl.org/au-research/vocabulary/anzsrc-for/2008/0406
researchgraph.org/nci/f7062_7450_8470_3453,http://purl.org/au-research/vocabulary/anzsrc-for/2008/0406
researchgraph.org/nci/f9082_1236_9859_8989,http://purl.org/au-research/vocabulary/anzsrc-for/2008/0406
researchgraph.org/nci/f4746_9864_6013_2394,http://purl.org/au-research/vocabulary/anzsrc-for/2008/0406
researchgraph.org/nci/f3159_9646_3616_8285,http://purl.org/au-research/vocabulary/anzsrc-for/2008/050101
researchgraph.org/nci/f9825_9356_7529_2815,http://purl.org/au-research/vocabulary/anzsrc-for/2008/050101
researchgraph.org/nci/f7490_3602_5836_4028,http://purl.org/au-research/vocabulary/anzsrc-for/2008/040107
researchgraph.org/nci/f4932_5026_2418_7306,http://purl.org/au-research/vocabulary/anzsrc-for/2008/040107
researchgraph.org/nci/f1347_5164_2538_0354,http://purl.org/au-research/vocabulary/anzsrc-for/2008/040107
researchgraph.org/nci/f6591_7162_0194_2873,http://purl.org/au-research/vocabulary/anzsrc-for/2008/040107
researchgraph.org/nci/f4012_9786_3614_4861,http://purl.org/au-research/vocabulary/anzsrc-for/2008/040107
researchgraph.org/nci/f6232_2864_8886_6905,http://purl.org/au-research/vocabulary/anzsrc-for/2008/0406
researchgraph.org/nci/f6749_1502_4869_8351,http://purl.org/au-research/vocabulary/anzsrc-for/2008/0406
researchgraph.org/nci/f8510_7038_2836_3562,http://purl.org/au-research/vocabulary/anzsrc-for/2008/0406
researchgraph.org/nci/e6452c77-fcce-4a5f-828f-9111e4e9b70c,http://purl.org/au-research/vocabulary/anzsrc-for/2008/050101
researchgraph.org/nci/09517e92-b41e-45c0-a0dc-5f97025c458f,http://purl.org/au-research/vocabulary/anzsrc-for/2008/050101
researchgraph.org/nci/f1276_4347_1040_7101,http://purl.org/au-research/vocabulary/anzsrc-for/2008/040608
researchgraph.org/nci/f8497_3951_1776_6401,http://purl.org/au-research/vocabulary/anzsrc-for/2008/040104
researchgraph.org/nci/f4505_6347_8415_5982,http://purl.org/au-research/vocabulary/anzsrc-for/2008/0404
researchgraph.org/nci/f9810_4167_4348_6492,http://purl.org/au-research/vocabulary/anzsrc-for/2008/040107
researchgraph.org/nci/f6931_7518_1584_3891,02http://purl.org/au-research/vocabulary/anzsrc-for/2008/0406
researchgraph.org/nci/f5290_2963_1574_8584,http://purl.org/au-research/vocabulary/anzsrc-for/2008/0201
researchgraph.org/nci/f9385_6463_3730_3415,http://purl.org/au-research/vocabulary/anzsrc-for/2008/040107
researchgraph.org/nci/f3003_1763_3524_1062,http://purl.org/au-research/vocabulary/anzsrc-for/2008/0607
researchgraph.org/nci/f6028_2676_1478_3956,http://purl.org/au-research/vocabulary/anzsrc-for/2008/0201
researchgraph.org/nci/f5263_5504_2663_8841,http://purl.org/au-research/vocabulary/anzsrc-for/2008/0406
researchgraph.org/nci/f5017_6759_2759_3916,http://purl.org/au-research/vocabulary/anzsrc-for/2008/0406
researchgraph.org/nci/f8281_6650_9945_6826,http://purl.org/au-research/vocabulary/anzsrc-for/2008/0406
researchgraph.org/nci/7da8e4a6-cfcc-4d25-89c7-9fcba4cd63c2,http://purl.org/au-research/vocabulary/anzsrc-for/2008/050101
researchgraph.org/nci/f8695_6401_6115_6704,http://purl.org/au-research/vocabulary/anzsrc-for/2008/040608
researchgraph.org/nci/f6112_9394_7244_4302,http://purl.org/au-research/vocabulary/anzsrc-for/2008/040608
researchgraph.org/nci/f5213_4723_1365_2675,http://purl.org/au-research/vocabulary/anzsrc-for/2008/0406
researchgraph.org/nci/f6503_1456_8647_3261,http://purl.org/au-research/vocabulary/anzsrc-for/2008/0406
researchgraph.org/nci/f9386_7416_3675_9582,http://purl.org/au-research/vocabulary/anzsrc-for/2008/0406
researchgraph.org/nci/f0234_6902_2038_5140,http://purl.org/au-research/vocabulary/anzsrc-for/2008/0406
researchgraph.org/nci/f2104_0769_8972_5783,http://purl.org/au-research/vocabulary/anzsrc-for/2008/0406
researchgraph.org/nci/f9165_5217_3702_4318,http://purl.org/au-research/vocabulary/anzsrc-for/2008/0406
researchgraph.org/nci/f4965_6398_1584_7280,http://purl.org/au-research/vocabulary/anzsrc-for/2008/0406
researchgraph.org/nci/f9365_1326_3064_5783,http://purl.org/au-research/vocabulary/anzsrc-for/2008/0406
researchgraph.org/nci/f8623_5379_9283_0275,http://purl.org/au-research/vocabulary/anzsrc-for/2008/0406
researchgraph.org/nci/f8407_1258_9723_0319,http://purl.org/au-research/vocabulary/anzsrc-for/2008/0406
researchgraph.org/nci/f1049_1685_7503_0421,http://purl.org/au-research/vocabulary/anzsrc-for/2008/0406
researchgraph.org/nci/f4851_4165_0524_8163,http://purl.org/au-research/vocabulary/anzsrc-for/2008/0406
researchgraph.org/nci/f6385_7503_2530_5209,http://purl.org/au-research/vocabulary/anzsrc-for/2008/0406
researchgraph.org/nci/f7031_0178_6152_9670,http://purl.org/au-research/vocabulary/anzsrc-for/2008/0406
researchgraph.org/nci/f9348_3869_6129_1890,http://purl.org/au-research/vocabulary/anzsrc-for/2008/040503
researchgraph.org/nci/f1571_8504_9911_2423,http://purl.org/au-research/vocabulary/anzsrc-for/2008/040104
researchgraph.org/nci/f4037_7317_6675_7030,http://purl.org/au-research/vocabulary/anzsrc-for/2008/0406
researchgraph.org/nci/f5801_7088_4632_1957,http://purl.org/au-research/vocabulary/anzsrc-for/2008/0406
researchgraph.org/nci/f5775_4183_3968_6898,http://purl.org/au-research/vocabulary/anzsrc-for/2008/040104
researchgraph.org/nci/f1558_2184_5235_8296,http://purl.org/au-research/vocabulary/anzsrc-for/2008/0406
researchgraph.org/nci/f4595_2464_1204_4548,http://purl.org/au-research/vocabulary/anzsrc-for/2008/0406
researchgraph.org/nci/f4576_2393_5266_2815,http://purl.org/au-research/vocabulary/anzsrc-for/2008/040503
researchgraph.org/nci/f2608_5935_8056_8884,http://purl.org/au-research/vocabulary/anzsrc-for/2008/0602
researchgraph.org/nci/f9901_8034_2005_4893,http://purl.org/au-research/vocabulary/anzsrc-for/2008/040104
researchgraph.org/nci/f8446_2402_3486_7148,http://purl.org/au-research/vocabulary/anzsrc-for/2008/040503
researchgraph.org/nci/f2312_4988_3167_8615,http://purl.org/au-research/vocabulary/anzsrc-for/2008/0406
researchgraph.org/nci/f5774_7328_9440_6490,http://purl.org/au-research/vocabulary/anzsrc-for/2008/040104
researchgraph.org/nci/f2622_7010_8872_7867,http://purl.org/au-research/vocabulary/anzsrc-for/2008/040104
researchgraph.org/nci/f5670_3926_7902_7643,http://purl.org/au-research/vocabulary/anzsrc-for/2008/0406
researchgraph.org/nci/f3934_4241_2130_9999,http://purl.org/au-research/vocabulary/anzsrc-for/2008/040104
researchgraph.org/nci/f3550_5819_6309_6472,http://purl.org/au-research/vocabulary/anzsrc-for/2008/040104
researchgraph.org/nci/f1311_8586_7758_3331,http://purl.org/au-research/vocabulary/anzsrc-for/2008/0401
researchgraph.org/nci/f4615_6545_5514_4988,http://purl.org/au-research/vocabulary/anzsrc-for/2008/0401
researchgraph.org/nci/f9566_7417_8270_9939,http://purl.org/au-research/vocabulary/anzsrc-for/2008/0401
researchgraph.org/nci/f3262_8737_7115_1092,http://purl.org/au-research/vocabulary/anzsrc-for/2008/0401
researchgraph.org/nci/f7310_7948_2407_3802,http://purl.org/au-research/vocabulary/anzsrc-for/2008/0401
researchgraph.org/nci/f9974_7123_7418_9226,http://purl.org/au-research/vocabulary/anzsrc-for/2008/0401
researchgraph.org/nci/f4638_7453_4754_4897,http://purl.org/au-research/vocabulary/anzsrc-for/2008/0401
researchgraph.org/nci/f5198_1503_3359_1997,http://purl.org/au-research/vocabulary/anzsrc-for/2008/0401
researchgraph.org/nci/f6722_7801_2087_2158,http://purl.org/au-research/vocabulary/anzsrc-for/2008/0401
researchgraph.org/nci/f4875_8826_8509_9162,http://purl.org/au-research/vocabulary/anzsrc-for/2008/0406
researchgraph.org/nci/f1308_2689_3361_8442,http://purl.org/au-research/vocabulary/anzsrc-for/2008/0406
researchgraph.org/nci/f3082_1814_8924_2252,http://purl.org/au-research/vocabulary/anzsrc-for/2008/0406
researchgraph.org/nci/f2178_3348_7217_4026,http://purl.org/au-research/vocabulary/anzsrc-for/2008/0404
researchgraph.org/nci/f4477_6397_3074_4681,http://purl.org/au-research/vocabulary/anzsrc-for/2008/0406
researchgraph.org/nci/f5496_9337_7804_2116,http://purl.org/au-research/vocabulary/anzsrc-for/2008/0406
researchgraph.org/nci/f5222_1399_1336_1489,http://purl.org/au-research/vocabulary/anzsrc-for/2008/0406
researchgraph.org/nci/f9007_2850_9392_7175,http://purl.org/au-research/vocabulary/anzsrc-for/2008/0406
researchgraph.org/nci/f6132_2991_8886_3664,http://purl.org/au-research/vocabulary/anzsrc-for/2008/0406
researchgraph.org/nci/f5016_4381_4809_1614,http://purl.org/au-research/vocabulary/anzsrc-for/2008/0406
researchgraph.org/nci/f3186_2226_5617_5645,http://purl.org/au-research/vocabulary/anzsrc-for/2008/040104
researchgraph.org/nci/f7702_5979_2431_6278,http://purl.org/au-research/vocabulary/anzsrc-for/2008/040104
researchgraph.org/nci/f9907_4028_5233_6570,http://purl.org/au-research/vocabulary/anzsrc-for/2008/0406
researchgraph.org/nci/f2612_5593_4183_4737,http://purl.org/au-research/vocabulary/anzsrc-for/2008/0406
researchgraph.org/nci/f3971_5076_6037_3989,http://purl.org/au-research/vocabulary/anzsrc-for/2008/0406
researchgraph.org/nci/f7002_5603_9090_1555,http://purl.org/au-research/vocabulary/anzsrc-for/2008/0406
researchgraph.org/nci/f6499_9305_8815_4108,http://purl.org/au-research/vocabulary/anzsrc-for/2008/0406
researchgraph.org/nci/f4642_1788_5278_8943,http://purl.org/au-research/vocabulary/anzsrc-for/2008/040608
researchgraph.org/nci/f2938_1530_2165_7706,http://purl.org/au-research/vocabulary/anzsrc-for/2008/0201
researchgraph.org/nci/f6930_7706_7959_5680,http://purl.org/au-research/vocabulary/anzsrc-for/2008/040107
researchgraph.org/nci/f8870_1721_6025_5237,http://purl.org/au-research/vocabulary/anzsrc-for/2008/0201
researchgraph.org/nci/f3434_5135_7754_8833,http://purl.org/au-research/vocabulary/anzsrc-for/2008/0201
researchgraph.org/nci/f6003_7313_1429_8346,http://purl.org/au-research/vocabulary/anzsrc-for/2008/0201
researchgraph.org/nci/f7285_6629_8378_9056,http://purl.org/au-research/vocabulary/anzsrc-for/2008/0201
researchgraph.org/nci/f5023_1291_6579_1882,http://purl.org/au-research/vocabulary/anzsrc-for/2008/0401
researchgraph.org/nci/f5521_6750_8296_4132,http://purl.org/au-research/vocabulary/anzsrc-for/2008/0401
researchgraph.org/nci/f2574_4162_5813_5047,http://purl.org/au-research/vocabulary/anzsrc-for/2008/040104
researchgraph.org/nci/f3429_6109_3994_3543,http://purl.org/au-research/vocabulary/anzsrc-for/2008/0607
researchgraph.org/nci/f8986_6119_3569_4824,http://purl.org/au-research/vocabulary/anzsrc-for/2008/0502
researchgraph.org/nci/f8778_8141_2140_4765,http://purl.org/au-research/vocabulary/anzsrc-for/2008/040105
researchgraph.org/nci/f3215_8818_6530_2790,http://purl.org/au-research/vocabulary/anzsrc-for/2008/040105
researchgraph.org/nci/f8877_7704_7395_3631,http://purl.org/au-research/vocabulary/anzsrc-for/2008/0406
researchgraph.org/nci/f6631_6827_9225_4207,http://purl.org/au-research/vocabulary/anzsrc-for/2008/0604
researchgraph.org/nci/f2273_1924_7220_4781,http://purl.org/au-research/vocabulary/anzsrc-for/2008/040107
researchgraph.org/nci/f8298_9729_9476_1124,http://purl.org/au-research/vocabulary/anzsrc-for/2008/040105
researchgraph.org/nci/f9589_2733_2545_4343,http://purl.org/au-research/vocabulary/anzsrc-for/2008/040608
researchgraph.org/nci/f1104_2906_7276_3004,http://purl.org/au-research/vocabulary/anzsrc-for/2008/040608
researchgraph.org/nci/f1687_4921_9483_2394,http://purl.org/au-research/vocabulary/anzsrc-for/2008/0406
researchgraph.org/nci/f9531_4379_3678_3458,http://purl.org/au-research/vocabulary/anzsrc-for/2008/0406
researchgraph.org/nci/f3617_1034_0143_5106,http://purl.org/au-research/vocabulary/anzsrc-for/2008/0406
researchgraph.org/nci/f6504_0159_5493_4359,http://purl.org/au-research/vocabulary/anzsrc-for/2008/0406
researchgraph.org/nci/f2367_5371_6248_0596,http://purl.org/au-research/vocabulary/anzsrc-for/2008/0406
researchgraph.org/nci/f5036_2307_3016_4136,http://purl.org/au-research/vocabulary/anzsrc-for/2008/0406
researchgraph.org/nci/f5167_5691_4287_4921,http://purl.org/au-research/vocabulary/anzsrc-for/2008/0406
researchgraph.org/nci/f0632_3129_7830_3259,http://purl.org/au-research/vocabulary/anzsrc-for/2008/0406
researchgraph.org/nci/f2795_5784_2789_8435,http://purl.org/au-research/vocabulary/anzsrc-for/2008/0406
researchgraph.org/nci/f5360_4697_1392_4718,http://purl.org/au-research/vocabulary/anzsrc-for/2008/0406
researchgraph.org/nci/f1047_9850_3840_9371,http://purl.org/au-research/vocabulary/anzsrc-for/2008/0406
researchgraph.org/nci/f0615_6810_5371_7462,http://purl.org/au-research/vocabulary/anzsrc-for/2008/0406
researchgraph.org/nci/f7308_7193_7019_2643,http://purl.org/au-research/vocabulary/anzsrc-for/2008/0406
researchgraph.org/nci/f7048_9234_4276_9831,http://purl.org/au-research/vocabulary/anzsrc-for/2008/0406
researchgraph.org/nci/f9578_1428_8932_2860,http://purl.org/au-research/vocabulary/anzsrc-for/2008/0406
researchgraph.org/nci/f2457_1485_7850_8109,http://purl.org/au-research/vocabulary/anzsrc-for/2008/0406
researchgraph.org/nci/f7405_3917_2073_5091,http://purl.org/au-research/vocabulary/anzsrc-for/2008/0406
researchgraph.org/nci/f3796_1023_1524_2726,http://purl.org/au-research/vocabulary/anzsrc-for/2008/040104
researchgraph.org/nci/f3127_2399_7392_4923,http://purl.org/au-research/vocabulary/anzsrc-for/2008/040107
researchgraph.org/nci/221dcfd8-04f6-5083-e053-10a3070a64e3,http://purl.org/au-research/vocabulary/anzsrc-for/2008/0404
researchgraph.org/nci/221dcfd8-04f2-5083-e053-10a3070a64e3,http://purl.org/au-research/vocabulary/anzsrc-for/2008/0404
researchgraph.org/nci/221dcfd8-04f8-5083-e053-10a3070a64e3,http://purl.org/au-research/vocabulary/anzsrc-for/2008/0404
researchgraph.org/nci/221dcfd8-04ff-5083-e053-10a3070a64e3,http://purl.org/au-research/vocabulary/anzsrc-for/2008/0404
researchgraph.org/nci/221dcfd8-04f4-5083-e053-10a3070a64e3,http://purl.org/au-research/vocabulary/anzsrc-for/2008/0404
researchgraph.org/nci/221dcfd8-04fb-5083-e053-10a3070a64e3,http://purl.org/au-research/vocabulary/anzsrc-for/2008/0404
researchgraph.org/nci/0d99907a-a4b5-d656-e053-12a3070ad7ae,http://purl.org/au-research/vocabulary/anzsrc-for/2008/0404
researchgraph.org/nci/221dcfd8-04f9-5083-e053-10a3070a64e3,http://purl.org/au-research/vocabulary/anzsrc-for/2008/0404
researchgraph.org/nci/221dcfd8-04fe-5083-e053-10a3070a64e3,http://purl.org/au-research/vocabulary/anzsrc-for/2008/0404
researchgraph.org/nci/221dcfd8-04fc-5083-e053-10a3070a64e3,http://purl.org/au-research/vocabulary/anzsrc-for/2008/0404
researchgraph.org/nci/cac517b6-971d-4d21-8bf2-eb08c75fc465,http://purl.org/au-research/vocabulary/anzsrc-for/2008/0404
researchgraph.org/nci/0d9a959a-f3f2-cb51-e053-12a3070ab5f9,http://purl.org/au-research/vocabulary/anzsrc-for/2008/0404
researchgraph.org/nci/221dcfd8-04f5-5083-e053-10a3070a64e3,http://purl.org/au-research/vocabulary/anzsrc-for/2008/0404
researchgraph.org/nci/221dcfd8-04fa-5083-e053-10a3070a64e3,http://purl.org/au-research/vocabulary/anzsrc-for/2008/0404
researchgraph.org/nci/03602fca-d7e9-4e44-b8fd-2ceb9bdd8da1,http://purl.org/au-research/vocabulary/anzsrc-for/2008/0404
researchgraph.org/nci/a05f7892-d805-7506-e044-00144fdd4fa6,http://purl.org/au-research/vocabulary/anzsrc-for/2008/0404
researchgraph.org/nci/221dcfd8-04f1-5083-e053-10a3070a64e3,http://purl.org/au-research/vocabulary/anzsrc-for/2008/0404
researchgraph.org/nci/221dcfd8-04fd-5083-e053-10a3070a64e3,http://purl.org/au-research/vocabulary/anzsrc-for/2008/0404
researchgraph.org/nci/221dcfd8-04f7-5083-e053-10a3070a64e3,http://purl.org/au-research/vocabulary/anzsrc-for/2008/0404
researchgraph.org/nci/f1126_7442_2531_9007,http://purl.org/au-research/vocabulary/anzsrc-for/2008/0401
researchgraph.org/nci/f6709_3440_4100_9566,http://purl.org/au-research/vocabulary/anzsrc-for/2008/0401
researchgraph.org/nci/f3614_5840_1226_9615,http://purl.org/au-research/vocabulary/anzsrc-for/2008/0401
researchgraph.org/nci/f3187_2606_9930_4751,http://purl.org/au-research/vocabulary/anzsrc-for/2008/0401
researchgraph.org/nci/f2223_9079_7785_3071,http://purl.org/au-research/vocabulary/anzsrc-for/2008/0401
researchgraph.org/nci/f8300_6211_2994_1736,http://purl.org/au-research/vocabulary/anzsrc-for/2008/0401
researchgraph.org/nci/f3446_7648_10000_750,http://purl.org/au-research/vocabulary/anzsrc-for/2008/0401
researchgraph.org/nci/f7335_1342_3351_6005,http://purl.org/au-research/vocabulary/anzsrc-for/2008/0401
researchgraph.org/nci/f5104_8755_8082_1139,http://purl.org/au-research/vocabulary/anzsrc-for/2008/0401
researchgraph.org/nci/f7492_6391_2169_6011,http://purl.org/au-research/vocabulary/anzsrc-for/2008/0401
researchgraph.org/nci/f7041_9211_4946_5025,http://purl.org/au-research/vocabulary/anzsrc-for/2008/0401
researchgraph.org/nci/f3672_1534_2351_3207,http://purl.org/au-research/vocabulary/anzsrc-for/2008/0401
researchgraph.org/nci/f8965_7881_4235_8476,http://purl.org/au-research/vocabulary/anzsrc-for/2008/0401
researchgraph.org/nci/f4189_4456_7483_1658,http://purl.org/au-research/vocabulary/anzsrc-for/2008/0401
researchgraph.org/nci/f4868_5048_8964_3522,http://purl.org/au-research/vocabulary/anzsrc-for/2008/0401
researchgraph.org/nci/f6946_9470_6588_4731,http://purl.org/au-research/vocabulary/anzsrc-for/2008/0401
researchgraph.org/nci/f5323_9527_2057_9046,http://purl.org/au-research/vocabulary/anzsrc-for/2008/0401
researchgraph.org/nci/f7710_6537_7396_4995,http://purl.org/au-research/vocabulary/anzsrc-for/2008/0401
researchgraph.org/nci/f7448_2157_9857_1076,http://purl.org/au-research/vocabulary/anzsrc-for/2008/0401
researchgraph.org/nci/f3525_9322_8600_7716,http://purl.org/au-research/vocabulary/anzsrc-for/2008/0401
researchgraph.org/nci/f3208_7368_7105_9213,http://purl.org/au-research/vocabulary/anzsrc-for/2008/0406
researchgraph.org/nci/f3964_5021_9156_3265,http://purl.org/au-research/vocabulary/anzsrc-for/2008/0406
researchgraph.org/nci/f7846_9740_6054_8291,http://purl.org/au-research/vocabulary/anzsrc-for/2008/0406
researchgraph.org/nci/f7322_4624_6986_4680,http://purl.org/au-research/vocabulary/anzsrc-for/2008/0404
researchgraph.org/nci/ddeb0fc4-32e3-4913-80f2-f4249b17a925,http://purl.org/au-research/vocabulary/anzsrc-for/2008/0404
researchgraph.org/nci/0a83ee36-d332-4669-a9fc-dfa7cec5c703,http://purl.org/au-research/vocabulary/anzsrc-for/2008/0404
researchgraph.org/nci/f3633_7369_2730_8213,http://purl.org/au-research/vocabulary/anzsrc-for/2008/0406
researchgraph.org/nci/f6934_4289_3542_5068,http://purl.org/au-research/vocabulary/anzsrc-for/2008/0406
researchgraph.org/nci/f5432_8250_4158_5237,http://purl.org/au-research/vocabulary/anzsrc-for/2008/0406
researchgraph.org/nci/f2906_8460_2406_4715,http://purl.org/au-research/vocabulary/anzsrc-for/2008/0406
researchgraph.org/nci/f8403_9263_3610_5368,http://purl.org/au-research/vocabulary/anzsrc-for/2008/0406
researchgraph.org/nci/f7095_4235_1852_7459,http://purl.org/au-research/vocabulary/anzsrc-for/2008/0406
researchgraph.org/nci/f1976_1042_6132_9705,http://purl.org/au-research/vocabulary/anzsrc-for/2008/0406
researchgraph.org/nci/f0238_7453_6420_1489,http://purl.org/au-research/vocabulary/anzsrc-for/2008/0406
researchgraph.org/nci/f8014_6457_2710_9529,http://purl.org/au-research/vocabulary/anzsrc-for/2008/040107
researchgraph.org/nci/cdde955a-e9ab-4f29-ad0a-efc1e6caf0c1,http://purl.org/au-research/vocabulary/anzsrc-for/2008/050101
researchgraph.org/nci/a460138f-74d8-476f-81c8-05675da46270,http://purl.org/au-research/vocabulary/anzsrc-for/2008/050101
researchgraph.org/nci/5e1e0ad3-cd12-4632-b0b4-77be29834f43,http://purl.org/au-research/vocabulary/anzsrc-for/2008/050101
researchgraph.org/nci/dbe84850-a658-4548-8831-561e0a267250,http://purl.org/au-research/vocabulary/anzsrc-for/2008/050101
researchgraph.org/nci/35970653-9b60-4060-a274-11851fccbfe2,http://purl.org/au-research/vocabulary/anzsrc-for/2008/050101
researchgraph.org/nci/6fd79f2b-928b-4b01-ac4d-27dd7dae6309,http://purl.org/au-research/vocabulary/anzsrc-for/2008/050101
researchgraph.org/nci/b47ad7e6-f7a9-4963-97ba-73e7b9fe99fc,http://purl.org/au-research/vocabulary/anzsrc-for/2008/050101
researchgraph.org/nci/0da0f3a6-1bfb-4e11-ab62-1afba112e3c0,http://purl.org/au-research/vocabulary/anzsrc-for/2008/050101
researchgraph.org/nci/19f99fad-f743-49c5-b9ed-3af1de3f81cd,http://purl.org/au-research/vocabulary/anzsrc-for/2008/050101
researchgraph.org/nci/efb5cd58-88ca-4237-a63f-6d41b73d750f,http://purl.org/au-research/vocabulary/anzsrc-for/2008/050101
researchgraph.org/nci/eaefd806-833c-4ecc-9877-f080c92769cb,http://purl.org/au-research/vocabulary/anzsrc-for/2008/050101
researchgraph.org/nci/c1a8b451-b122-470c-ac93-0f5bea44469b,http://purl.org/au-research/vocabulary/anzsrc-for/2008/050101
researchgraph.org/nci/8bb0ace4-8773-45a5-bda1-e0f4c64f1249,http://purl.org/au-research/vocabulary/anzsrc-for/2008/050101
researchgraph.org/nci/9b172fad-b175-418d-8935-ae55807d4ac4,http://purl.org/au-research/vocabulary/anzsrc-for/2008/050101
researchgraph.org/nci/5f4befbf-32c3-433a-abe3-37af552541fb,http://purl.org/au-research/vocabulary/anzsrc-for/2008/050101
researchgraph.org/nci/77edb301-5b04-4dbc-9c2e-518b2690e627,http://purl.org/au-research/vocabulary/anzsrc-for/2008/050101
researchgraph.org/nci/68505fd9-3d2f-413e-996a-19b95278cde3,http://purl.org/au-research/vocabulary/anzsrc-for/2008/050101
researchgraph.org/nci/4f96c0bd-05e1-4e28-910a-e2ea293d96a9,http://purl.org/au-research/vocabulary/anzsrc-for/2008/050101
researchgraph.org/nci/7433fc49-df2f-4828-843d-a460f5813941,http://purl.org/au-research/vocabulary/anzsrc-for/2008/050101
researchgraph.org/nci/41c7bd7e-ab6d-4991-b234-21e81942a541,http://purl.org/au-research/vocabulary/anzsrc-for/2008/050101
researchgraph.org/nci/514968b2-9d47-4b73-a42f-907e1c32231e,http://purl.org/au-research/vocabulary/anzsrc-for/2008/050101
researchgraph.org/nci/d458f3be-89d0-4fbc-a505-4abea14f9a88,http://purl.org/au-research/vocabulary/anzsrc-for/2008/050101
researchgraph.org/nci/dd876e34-2e95-442d-b370-b906319acc9f,http://purl.org/au-research/vocabulary/anzsrc-for/2008/050101
researchgraph.org/nci/b00fed6f-6bc2-4cf0-830e-2bdbba22307a,http://purl.org/au-research/vocabulary/anzsrc-for/2008/050101
researchgraph.org/nci/aaa1ecab-ea53-470a-b3ad-e4783b88f2c8,http://purl.org/au-research/vocabulary/anzsrc-for/2008/050101
researchgraph.org/nci/04482c2e-655b-4848-91ae-6a71b54af3fa,http://purl.org/au-research/vocabulary/anzsrc-for/2008/050101
researchgraph.org/nci/ec70b41d-8874-46f2-85ba-7329c718fb1e,http://purl.org/au-research/vocabulary/anzsrc-for/2008/050101
researchgraph.org/nci/97e2db9c-10ff-4a0e-bb50-f776480e5bcf,http://purl.org/au-research/vocabulary/anzsrc-for/2008/050101
researchgraph.org/nci/dd793f3a-d2b6-4b38-b72d-ebc88205c3cd,http://purl.org/au-research/vocabulary/anzsrc-for/2008/050101
researchgraph.org/nci/041efcbf-c840-40a6-8db6-7a1ad7309c1d,http://purl.org/au-research/vocabulary/anzsrc-for/2008/050101
researchgraph.org/nci/3e940352-47ef-4bf2-b972-dc81cfb69344,http://purl.org/au-research/vocabulary/anzsrc-for/2008/050101
researchgraph.org/nci/f83112c7-a238-49ff-bd5d-1fef0065f60c,http://purl.org/au-research/vocabulary/anzsrc-for/2008/050101
researchgraph.org/nci/a7f460c5-220a-4b39-b8b3-ecc16db68cbd,http://purl.org/au-research/vocabulary/anzsrc-for/2008/050101
researchgraph.org/nci/326e93e7-de7d-48f7-951a-655aef72d4f0,http://purl.org/au-research/vocabulary/anzsrc-for/2008/050101
researchgraph.org/nci/d128bb4f-586f-4264-bd31-a774a7ac440f,http://purl.org/au-research/vocabulary/anzsrc-for/2008/050101
researchgraph.org/nci/acda11b4-9b24-4cab-b9b1-8ed80c5c526e,http://purl.org/au-research/vocabulary/anzsrc-for/2008/050101
researchgraph.org/nci/20a680a8-04e5-4ae3-9db7-5091b345341a,http://purl.org/au-research/vocabulary/anzsrc-for/2008/050101
researchgraph.org/nci/32d68d35-6d81-4d0f-9d02-77c7bdac06c2,http://purl.org/au-research/vocabulary/anzsrc-for/2008/050101
researchgraph.org/nci/a550cb87-6666-4873-b654-c545759e2141,http://purl.org/au-research/vocabulary/anzsrc-for/2008/050101
researchgraph.org/nci/5d28e047-cc99-4b77-a1aa-0350d09e3310,http://purl.org/au-research/vocabulary/anzsrc-for/2008/050101
researchgraph.org/nci/a1452089-4688-402b-9fdf-aea9c66b562a,http://purl.org/au-research/vocabulary/anzsrc-for/2008/050101
researchgraph.org/nci/089c56eb-af02-42eb-9bce-c3bdc17f01c1,http://purl.org/au-research/vocabulary/anzsrc-for/2008/050101
researchgraph.org/nci/64ef9dcd-bfb1-4d44-aabe-445a53f901db,http://purl.org/au-research/vocabulary/anzsrc-for/2008/050101
researchgraph.org/nci/748ee051-a499-49ff-a58b-4e4d4bfb138d,http://purl.org/au-research/vocabulary/anzsrc-for/2008/050101
researchgraph.org/nci/9480e735-ffcf-4508-85e9-1d149e398c74,http://purl.org/au-research/vocabulary/anzsrc-for/2008/050101
researchgraph.org/nci/f25d676e-9639-434b-a277-6ec874ae2d2f,http://purl.org/au-research/vocabulary/anzsrc-for/2008/050101
researchgraph.org/nci/d775a0f0-7998-4d1a-bf94-3b0c1d02952c,http://purl.org/au-research/vocabulary/anzsrc-for/2008/050101
researchgraph.org/nci/5fe08a1f-5072-4438-98cb-cf3493aa5ea2,http://purl.org/au-research/vocabulary/anzsrc-for/2008/050101
researchgraph.org/nci/68d528a0-0592-4988-a442-120cf69cb246,http://purl.org/au-research/vocabulary/anzsrc-for/2008/050101
researchgraph.org/nci/3fb16669-906f-4eb1-9be3-5571220f0b31,http://purl.org/au-research/vocabulary/anzsrc-for/2008/050101
researchgraph.org/nci/adbb503f-a48f-40d5-bc79-00f768efea66,http://purl.org/au-research/vocabulary/anzsrc-for/2008/050101
researchgraph.org/nci/b131a7e6-1708-42b7-bd56-c9415c68c0bf,http://purl.org/au-research/vocabulary/anzsrc-for/2008/050101
researchgraph.org/nci/5848e2cf-b09f-4445-ae3e-cee56abb1505,http://purl.org/au-research/vocabulary/anzsrc-for/2008/050101
researchgraph.org/nci/cd30f8ed-504a-4436-beae-67c20335255c,http://purl.org/au-research/vocabulary/anzsrc-for/2008/050101
researchgraph.org/nci/0eb985d4-ee3d-4c45-9e4f-0831fcf4edad,http://purl.org/au-research/vocabulary/anzsrc-for/2008/050101
researchgraph.org/nci/1e255912-22c3-4a70-a674-cb668dd434d6,http://purl.org/au-research/vocabulary/anzsrc-for/2008/050101
researchgraph.org/nci/4bd6d740-797e-4a1b-a266-6e6a0c13505d,http://purl.org/au-research/vocabulary/anzsrc-for/2008/050101
researchgraph.org/nci/a0628c91-b580-4940-b591-110e2e13677d,http://purl.org/au-research/vocabulary/anzsrc-for/2008/050101
researchgraph.org/nci/aabf33e8-8f3c-4f59-96c1-d1556348aed6,http://purl.org/au-research/vocabulary/anzsrc-for/2008/050101
researchgraph.org/nci/5b985440-1cf9-4e82-8c3b-65b3f1be44b0,http://purl.org/au-research/vocabulary/anzsrc-for/2008/050101
researchgraph.org/nci/93777608-66f0-497b-9727-d9b62c4a2fe1,http://purl.org/au-research/vocabulary/anzsrc-for/2008/050101
researchgraph.org/nci/f72a72fd-8ee7-4b61-af0a-c2b63fd327c0,http://purl.org/au-research/vocabulary/anzsrc-for/2008/050101
researchgraph.org/nci/5ff28ddf-a717-4a86-9409-df89edd00883,http://purl.org/au-research/vocabulary/anzsrc-for/2008/050101
researchgraph.org/nci/15700dea-5fe6-4797-8061-44ede7a0c27c,http://purl.org/au-research/vocabulary/anzsrc-for/2008/050101
researchgraph.org/nci/c01b31f1-cfe4-4609-8aec-f95f01a28835,http://purl.org/au-research/vocabulary/anzsrc-for/2008/050101
researchgraph.org/nci/49566868-91ea-4dea-8777-d7a5b870ae46,http://purl.org/au-research/vocabulary/anzsrc-for/2008/050101
researchgraph.org/nci/3ed02062-54fb-4329-adfb-79b99d70f920,http://purl.org/au-research/vocabulary/anzsrc-for/2008/050101
researchgraph.org/nci/b79a3cfd-bdee-4eb3-b6d7-e16b924eed5f,http://purl.org/au-research/vocabulary/anzsrc-for/2008/050101
researchgraph.org/nci/e6037192-caab-4f52-8004-ece63f25a863,http://purl.org/au-research/vocabulary/anzsrc-for/2008/050101
researchgraph.org/nci/73ab7dc2-93e9-44df-98a2-5ffa39d11640,http://purl.org/au-research/vocabulary/anzsrc-for/2008/050101
researchgraph.org/nci/00780be9-112b-4539-8441-6b86ae0bcc62,http://purl.org/au-research/vocabulary/anzsrc-for/2008/050101
researchgraph.org/nci/2f7e01e8-eb00-45a0-b292-438d3d458362,http://purl.org/au-research/vocabulary/anzsrc-for/2008/050101
researchgraph.org/nci/9076a479-040a-47ad-a63d-be2db6262668,http://purl.org/au-research/vocabulary/anzsrc-for/2008/050101
researchgraph.org/nci/df0e2d70-4945-4750-8413-9a85089a6dbe,http://purl.org/au-research/vocabulary/anzsrc-for/2008/050101
researchgraph.org/nci/83230906-9c2d-4559-85e7-143a45168c77,http://purl.org/au-research/vocabulary/anzsrc-for/2008/050101
researchgraph.org/nci/842a2599-6443-48e2-af84-39e9448600d4,http://purl.org/au-research/vocabulary/anzsrc-for/2008/050101
researchgraph.org/nci/5f1526af-1a74-496d-876e-89bd1aa19f23,http://purl.org/au-research/vocabulary/anzsrc-for/2008/050101
researchgraph.org/nci/90d0d2d2-6fc9-4c6c-ac29-81a0e508e4cd,http://purl.org/au-research/vocabulary/anzsrc-for/2008/050101
researchgraph.org/nci/78ef32a1-d122-4693-9d93-57e32557bf94,http://purl.org/au-research/vocabulary/anzsrc-for/2008/050101
researchgraph.org/nci/e1d02f55-cc63-4488-aada-ceb8ce70175a,http://purl.org/au-research/vocabulary/anzsrc-for/2008/050101
researchgraph.org/nci/b8ebda60-f2e0-489c-8141-c4b17dcc0146,http://purl.org/au-research/vocabulary/anzsrc-for/2008/050101
researchgraph.org/nci/7fb54788-fcc0-4990-8e3a-3747cf43ecc3,http://purl.org/au-research/vocabulary/anzsrc-for/2008/050101
researchgraph.org/nci/17236f6f-829e-48e1-98fd-32c7904a5793,http://purl.org/au-research/vocabulary/anzsrc-for/2008/050101
researchgraph.org/nci/71df37dd-4db0-4260-a743-897231868ce8,http://purl.org/au-research/vocabulary/anzsrc-for/2008/050101
researchgraph.org/nci/421c5f0d-86b3-4ca5-aca3-7726d4687003,http://purl.org/au-research/vocabulary/anzsrc-for/2008/050101
researchgraph.org/nci/97feb21f-1c1c-4fe8-ba95-556948d6bac5,http://purl.org/au-research/vocabulary/anzsrc-for/2008/050101
researchgraph.org/nci/6ac73b07-8793-4997-9883-099c9c5795d2,http://purl.org/au-research/vocabulary/anzsrc-for/2008/050101
researchgraph.org/nci/6cb0062e-1093-475a-adb6-8a04c8cbac9a,http://purl.org/au-research/vocabulary/anzsrc-for/2008/050101
researchgraph.org/nci/46bc2fa7-dbc9-4371-b040-51d6f00dd407,http://purl.org/au-research/vocabulary/anzsrc-for/2008/050101
researchgraph.org/nci/0221fb2c-f2be-44a9-be86-a9dff25af099,http://purl.org/au-research/vocabulary/anzsrc-for/2008/050101
researchgraph.org/nci/af04a1c9-7abe-4c04-a48d-d5c219a3baa2,http://purl.org/au-research/vocabulary/anzsrc-for/2008/050101
researchgraph.org/nci/b2c15c3c-0272-46c5-9948-154520bda279,http://purl.org/au-research/vocabulary/anzsrc-for/2008/050101
researchgraph.org/nci/4c9f40f6-6c30-438a-8646-d29a15ca44ee,http://purl.org/au-research/vocabulary/anzsrc-for/2008/050101
researchgraph.org/nci/aebfe177-0ac4-45ff-b325-45f7f20545b2,http://purl.org/au-research/vocabulary/anzsrc-for/2008/050101
researchgraph.org/nci/9aea7078-d3e8-411f-914c-8e5f0fbe3e3f,http://purl.org/au-research/vocabulary/anzsrc-for/2008/050101
researchgraph.org/nci/f749f8c8-b1a3-4125-a7ea-178fd4a31307,http://purl.org/au-research/vocabulary/anzsrc-for/2008/050101
researchgraph.org/nci/6f5d1093-189d-46ea-ab2e-2de81b9c646c,http://purl.org/au-research/vocabulary/anzsrc-for/2008/050101
researchgraph.org/nci/98afdc04-d30a-4dfc-a264-4de552482fde,http://purl.org/au-research/vocabulary/anzsrc-for/2008/050101
researchgraph.org/nci/cd1a63bf-b443-4387-8432-ffe087b4ae6d,http://purl.org/au-research/vocabulary/anzsrc-for/2008/050101
researchgraph.org/nci/040c599f-88b2-4bad-b244-8cf3190c9b16,http://purl.org/au-research/vocabulary/anzsrc-for/2008/050101
researchgraph.org/nci/7df81d53-e1b1-47a7-bedd-b15219110d14,http://purl.org/au-research/vocabulary/anzsrc-for/2008/050101
researchgraph.org/nci/7ca3f8a0-05c0-4e3f-89a1-587fc49bc8e1,http://purl.org/au-research/vocabulary/anzsrc-for/2008/050101
researchgraph.org/nci/eceb3f78-657f-4535-990f-f9d7c6719742,http://purl.org/au-research/vocabulary/anzsrc-for/2008/050101
researchgraph.org/nci/f2d11d74-7b40-47f1-a918-3dc3a7399942,http://purl.org/au-research/vocabulary/anzsrc-for/2008/050101
researchgraph.org/nci/2fdcdaf3-b700-4315-9288-019f2ca03111,http://purl.org/au-research/vocabulary/anzsrc-for/2008/050101
researchgraph.org/nci/a0ff9919-e35d-492a-8851-f0ad6bf374fe,http://purl.org/au-research/vocabulary/anzsrc-for/2008/050101
researchgraph.org/nci/cc7133c8-f7e9-4d8b-8bce-84742566c5ea,http://purl.org/au-research/vocabulary/anzsrc-for/2008/050101
researchgraph.org/nci/4f724e1e-c799-43cf-882b-c32c7a98419d,http://purl.org/au-research/vocabulary/anzsrc-for/2008/050101
researchgraph.org/nci/e3a4badd-3aaa-4844-8784-4e49a9f809ea,http://purl.org/au-research/vocabulary/anzsrc-for/2008/050101
researchgraph.org/nci/7ba76b9d-a29d-4d6d-b387-bc77b0453af0,http://purl.org/au-research/vocabulary/anzsrc-for/2008/050101
researchgraph.org/nci/7601748e-7246-4ec3-93ee-bfd79ac60859,http://purl.org/au-research/vocabulary/anzsrc-for/2008/050101
researchgraph.org/nci/0a521d84-87c5-476e-9590-2158edec30e9,http://purl.org/au-research/vocabulary/anzsrc-for/2008/050101
researchgraph.org/nci/41e7886a-6981-45b3-baab-a1cdad67bc28,http://purl.org/au-research/vocabulary/anzsrc-for/2008/050101
researchgraph.org/nci/e78fe374-ea40-4f4c-bc3e-8860f3a18aa8,http://purl.org/au-research/vocabulary/anzsrc-for/2008/050101
researchgraph.org/nci/c73d1a7f-c826-4a98-bc96-132405a5c0ea,http://purl.org/au-research/vocabulary/anzsrc-for/2008/050101
researchgraph.org/nci/3bff7965-dc57-4f0f-b9ad-8e2ef2c7199c,http://purl.org/au-research/vocabulary/anzsrc-for/2008/050101
researchgraph.org/nci/108d5f02-f386-416f-84f5-fd49a044434c,http://purl.org/au-research/vocabulary/anzsrc-for/2008/050101
researchgraph.org/nci/32ada987-2d47-4187-895c-3d5bf36ae6a1,http://purl.org/au-research/vocabulary/anzsrc-for/2008/050101
researchgraph.org/nci/69823673-9878-42aa-ba74-641129ebe78a,http://purl.org/au-research/vocabulary/anzsrc-for/2008/050101
researchgraph.org/nci/2df96f92-f0f0-44fc-8110-d191629f6e5b,http://purl.org/au-research/vocabulary/anzsrc-for/2008/050101
researchgraph.org/nci/dfb83dbc-48b6-4afc-b1fe-d4f9d29b69d3,http://purl.org/au-research/vocabulary/anzsrc-for/2008/050101
researchgraph.org/nci/fd428047-fdd5-4811-b083-c2c9265eb523,http://purl.org/au-research/vocabulary/anzsrc-for/2008/050101
researchgraph.org/nci/c49888fe-eb97-4c2a-abfc-273a9d8e95d4,http://purl.org/au-research/vocabulary/anzsrc-for/2008/050101
researchgraph.org/nci/316bce85-44d3-406d-bd8d-26a757614df2,http://purl.org/au-research/vocabulary/anzsrc-for/2008/050101
researchgraph.org/nci/54fa8102-d545-4a6f-b8cc-6ebd9dc15812,http://purl.org/au-research/vocabulary/anzsrc-for/2008/050101
researchgraph.org/nci/8538fbcb-e03e-452b-9aa8-3bd794fc0d47,http://purl.org/au-research/vocabulary/anzsrc-for/2008/050101
researchgraph.org/nci/29985aa6-de1d-4280-837d-86b7aad431a5,http://purl.org/au-research/vocabulary/anzsrc-for/2008/050101
researchgraph.org/nci/292ed123-4bde-400e-9ef8-bb5c3a5a6c59,http://purl.org/au-research/vocabulary/anzsrc-for/2008/050101
researchgraph.org/nci/43ba8075-1d46-4256-a849-f7f39ca99d75,http://purl.org/au-research/vocabulary/anzsrc-for/2008/050101
researchgraph.org/nci/b7fa32b1-0599-474d-9b5a-0a978796f106,http://purl.org/au-research/vocabulary/anzsrc-for/2008/050101
researchgraph.org/nci/2fbbe45c-6543-41f4-a94b-f8ffe072db3e,http://purl.org/au-research/vocabulary/anzsrc-for/2008/050101
researchgraph.org/nci/aaf3273e-9a68-418c-9b64-9b332f6c51b6,http://purl.org/au-research/vocabulary/anzsrc-for/2008/050101
researchgraph.org/nci/8727f46c-bcf6-4a73-950b-9294d2f9a34e,http://purl.org/au-research/vocabulary/anzsrc-for/2008/050101
researchgraph.org/nci/f5193adc-ccc8-4fbe-8d39-9fe8399cf97d,http://purl.org/au-research/vocabulary/anzsrc-for/2008/050101
researchgraph.org/nci/1fd685ac-1340-4944-b461-7e15af67051b,http://purl.org/au-research/vocabulary/anzsrc-for/2008/050101
researchgraph.org/nci/bede1134-66f0-4e6b-aa4f-621cece8a5a2,http://purl.org/au-research/vocabulary/anzsrc-for/2008/050101
researchgraph.org/nci/312d26e5-ff84-42b0-9197-2f9943790aca,http://purl.org/au-research/vocabulary/anzsrc-for/2008/050101
researchgraph.org/nci/298b81cb-6fd4-4ca8-8613-85530dc8df67,http://purl.org/au-research/vocabulary/anzsrc-for/2008/050101
researchgraph.org/nci/dc1192b2-af77-456f-9dd1-2a460f5a567f,http://purl.org/au-research/vocabulary/anzsrc-for/2008/050101
researchgraph.org/nci/2ee2e010-9114-429e-a91c-1eae339cf588,http://purl.org/au-research/vocabulary/anzsrc-for/2008/050101
researchgraph.org/nci/fdb963a2-42d7-4f8d-a429-90345aadbef8,http://purl.org/au-research/vocabulary/anzsrc-for/2008/050101
researchgraph.org/nci/5e597b88-c9fb-426e-beee-e08efcfe0ec6,http://purl.org/au-research/vocabulary/anzsrc-for/2008/050101
researchgraph.org/nci/9b32f7ff-8fbd-4f67-a899-49de0e38f8d8,http://purl.org/au-research/vocabulary/anzsrc-for/2008/050101
researchgraph.org/nci/9ea3c30c-df67-45fd-9edb-314bf9fc1f04,http://purl.org/au-research/vocabulary/anzsrc-for/2008/050101
researchgraph.org/nci/8de03db3-fd1a-4e3f-bd93-56d59bdfea46,http://purl.org/au-research/vocabulary/anzsrc-for/2008/050101
researchgraph.org/nci/f30e39a4-15dc-4038-a37f-7fd29744e46a,http://purl.org/au-research/vocabulary/anzsrc-for/2008/050101
researchgraph.org/nci/d621b49d-3b4a-4f50-8227-8d9e71054ab4,http://purl.org/au-research/vocabulary/anzsrc-for/2008/050101
researchgraph.org/nci/5b952888-2576-408f-8d6b-62c36fa7a654,http://purl.org/au-research/vocabulary/anzsrc-for/2008/050101
researchgraph.org/nci/cbdbb9af-f7e2-4d27-af79-81c344d5a883,http://purl.org/au-research/vocabulary/anzsrc-for/2008/050101
researchgraph.org/nci/e1a3ef9b-b339-4dcc-aec7-d49ac9b6317f,http://purl.org/au-research/vocabulary/anzsrc-for/2008/050101
researchgraph.org/nci/e588e7ff-6ae3-47b0-8eff-bf38f845448a,http://purl.org/au-research/vocabulary/anzsrc-for/2008/050101
researchgraph.org/nci/4b64a7b8-eb52-4eed-8424-e1ced455d7cf,http://purl.org/au-research/vocabulary/anzsrc-for/2008/050101
researchgraph.org/nci/00b55792-c936-4e2f-82ae-d3f637521326,http://purl.org/au-research/vocabulary/anzsrc-for/2008/050101
researchgraph.org/nci/f7b43887-faeb-4364-babd-80beaac70fac,http://purl.org/au-research/vocabulary/anzsrc-for/2008/050101
researchgraph.org/nci/3dc8c462-4605-45b4-8a76-7f96933f1610,http://purl.org/au-research/vocabulary/anzsrc-for/2008/050101
researchgraph.org/nci/73fb2074-8017-499f-884b-fef49cbf3354,http://purl.org/au-research/vocabulary/anzsrc-for/2008/050101
researchgraph.org/nci/4021417d-09df-429f-876a-1c14bdbb7bf3,http://purl.org/au-research/vocabulary/anzsrc-for/2008/050101
researchgraph.org/nci/834849ce-61b3-4bdd-8a79-edab103b583a,http://purl.org/au-research/vocabulary/anzsrc-for/2008/050101
researchgraph.org/nci/1fae59c7-e231-476c-b7db-affbff2071a9,http://purl.org/au-research/vocabulary/anzsrc-for/2008/050101
researchgraph.org/nci/cade4c00-d95c-47eb-bee2-8a609343ab56,http://purl.org/au-research/vocabulary/anzsrc-for/2008/050101
researchgraph.org/nci/47a04c67-b636-4532-8c81-35cfb1c0ad50,http://purl.org/au-research/vocabulary/anzsrc-for/2008/050101
researchgraph.org/nci/d4492461-de9d-4ece-ab18-535ba90bc989,http://purl.org/au-research/vocabulary/anzsrc-for/2008/050101
researchgraph.org/nci/be9c1e6e-c179-4f62-878b-43bf500fb634,http://purl.org/au-research/vocabulary/anzsrc-for/2008/050101
researchgraph.org/nci/1cb3e404-b3ee-4681-a4c4-06f725124fd6,http://purl.org/au-research/vocabulary/anzsrc-for/2008/050101
researchgraph.org/nci/aa63f2d9-2b02-4a53-ac81-d8a92d80ad9e,http://purl.org/au-research/vocabulary/anzsrc-for/2008/050101
researchgraph.org/nci/7dd2b53f-375d-491a-aeb4-3648d1a8a054,http://purl.org/au-research/vocabulary/anzsrc-for/2008/050101
researchgraph.org/nci/30c30496-e82b-4402-bbb7-00971eb5fc2d,http://purl.org/au-research/vocabulary/anzsrc-for/2008/050101
researchgraph.org/nci/509a3537-d8b1-4c8a-b818-091771e3a134,http://purl.org/au-research/vocabulary/anzsrc-for/2008/050101
researchgraph.org/nci/ca5217e8-9bdc-4282-a125-14da923af484,http://purl.org/au-research/vocabulary/anzsrc-for/2008/050101
researchgraph.org/nci/6cd3e917-0928-412f-9cfa-b997fa81c931,http://purl.org/au-research/vocabulary/anzsrc-for/2008/050101
researchgraph.org/nci/fb6c2987-72c9-4246-857a-bfbbfa79be56,http://purl.org/au-research/vocabulary/anzsrc-for/2008/050101
researchgraph.org/nci/a65546b4-fa0d-444c-a69a-149ba647d55b,http://purl.org/au-research/vocabulary/anzsrc-for/2008/050101
researchgraph.org/nci/6572bca1-dc0d-422e-ac7e-89fbf6236d34,http://purl.org/au-research/vocabulary/anzsrc-for/2008/050101
researchgraph.org/nci/f75565b8-3e0c-4ff2-ae0a-18de73ae7d3a,http://purl.org/au-research/vocabulary/anzsrc-for/2008/050101
researchgraph.org/nci/8af9d8ef-1f2f-4df1-97fc-02ce1642381b,http://purl.org/au-research/vocabulary/anzsrc-for/2008/050101
researchgraph.org/nci/0767d701-e9d7-416d-9b99-3f1c54e6c54d,http://purl.org/au-research/vocabulary/anzsrc-for/2008/050101
researchgraph.org/nci/a4f85e97-159a-4ef1-a801-0235c59fb382,http://purl.org/au-research/vocabulary/anzsrc-for/2008/050101
researchgraph.org/nci/42c1fa27-77cf-434f-8ccd-45d937f501b3,http://purl.org/au-research/vocabulary/anzsrc-for/2008/050101
researchgraph.org/nci/76788b63-7cf6-44ec-8531-fc1a18b4ab9b,http://purl.org/au-research/vocabulary/anzsrc-for/2008/050101
researchgraph.org/nci/18c5745e-ca2b-4a17-ba29-f9c354203093,http://purl.org/au-research/vocabulary/anzsrc-for/2008/050101
researchgraph.org/nci/15d22f50-aeeb-4fea-a1b2-3e810ad044ce,http://purl.org/au-research/vocabulary/anzsrc-for/2008/050101
researchgraph.org/nci/552c7f72-f512-4958-b956-bb5817df53fa,http://purl.org/au-research/vocabulary/anzsrc-for/2008/050101
researchgraph.org/nci/cd35a992-6a17-48aa-9e14-3fde4012219e,http://purl.org/au-research/vocabulary/anzsrc-for/2008/050101
researchgraph.org/nci/83a0abb7-16b8-47b4-bc13-bb1891da0a9e,http://purl.org/au-research/vocabulary/anzsrc-for/2008/050101
researchgraph.org/nci/000c1290-ce5f-4ffc-a8a4-12f1ec895ebd,http://purl.org/au-research/vocabulary/anzsrc-for/2008/050101
researchgraph.org/nci/30729578-2ec7-4f71-9bb4-d80189509d53,http://purl.org/au-research/vocabulary/anzsrc-for/2008/050101
researchgraph.org/nci/bdee7dcb-4b32-4ff2-986a-33b2f475fc03,http://purl.org/au-research/vocabulary/anzsrc-for/2008/050101
researchgraph.org/nci/917b23df-e183-430a-b255-6f2180e1b28d,http://purl.org/au-research/vocabulary/anzsrc-for/2008/050101
researchgraph.org/nci/b91f9c62-1cc8-4703-b763-7defd2bdad4d,http://purl.org/au-research/vocabulary/anzsrc-for/2008/050101
researchgraph.org/nci/e6d35a5b-df5a-4824-8c81-e6ced49e2cea,http://purl.org/au-research/vocabulary/anzsrc-for/2008/050101
researchgraph.org/nci/fbbd784b-5080-4f88-bd1a-a49b503218cd,http://purl.org/au-research/vocabulary/anzsrc-for/2008/050101
researchgraph.org/nci/9336522f-22e2-4699-a6b1-a0baaa2fafe1,http://purl.org/au-research/vocabulary/anzsrc-for/2008/050101
researchgraph.org/nci/1ae9f300-1384-4f4c-8984-a4be10fce6a6,http://purl.org/au-research/vocabulary/anzsrc-for/2008/050101
researchgraph.org/nci/4bb78946-a040-4420-aca0-08b59bf77fcd,http://purl.org/au-research/vocabulary/anzsrc-for/2008/050101
researchgraph.org/nci/f6654_0987_6213_2954,02http://purl.org/au-research/vocabulary/anzsrc-for/2008/0406
researchgraph.org/nci/f5184_0943_6113_2008,02http://purl.org/au-research/vocabulary/anzsrc-for/2008/0406
researchgraph.org/nci/f8413_1678_4970_8301,http://purl.org/au-research/vocabulary/anzsrc-for/2008/040503
researchgraph.org/nci/f7465_7260_5879_1239,http://purl.org/au-research/vocabulary/anzsrc-for/2008/040503
researchgraph.org/nci/f6410_2179_3027_3941,http://purl.org/au-research/vocabulary/anzsrc-for/2008/040107
researchgraph.org/nci/f3645_2896_8426_1025,http://purl.org/au-research/vocabulary/anzsrc-for/2008/040107
researchgraph.org/nci/f7806_0867_6498_5731,http://purl.org/au-research/vocabulary/anzsrc-for/2008/040107
researchgraph.org/nci/f3024_1750_9167_6215,http://purl.org/au-research/vocabulary/anzsrc-for/2008/040107
researchgraph.org/nci/f2350_3768_3854_6832,http://purl.org/au-research/vocabulary/anzsrc-for/2008/040107
researchgraph.org/nci/f3651_5429_5962_1406,http://purl.org/au-research/vocabulary/anzsrc-for/2008/040107
researchgraph.org/nci/f0975_1635_8792_8376,http://purl.org/au-research/vocabulary/anzsrc-for/2008/040107
researchgraph.org/nci/f7269_3198_0621_6487,http://purl.org/au-research/vocabulary/anzsrc-for/2008/040107
researchgraph.org/nci/f9365_8609_1486_6920,http://purl.org/au-research/vocabulary/anzsrc-for/2008/040107
researchgraph.org/nci/f5309_7580_5903_0679,http://purl.org/au-research/vocabulary/anzsrc-for/2008/040107
researchgraph.org/nci/42b76130-9055-45ab-b34f-2b4ddef34cca,http://purl.org/au-research/vocabulary/anzsrc-for/2008/0406
researchgraph.org/nci/f3497_7249_9762_6524,http://purl.org/au-research/vocabulary/anzsrc-for/2008/040107
researchgraph.org/nci/f8197_8394_5637_5391,http://purl.org/au-research/vocabulary/anzsrc-for/2008/040107
researchgraph.org/nci/f5201_1750_9075_7362,http://purl.org/au-research/vocabulary/anzsrc-for/2008/040107
researchgraph.org/nci/f0768_5874_3618_8501,http://purl.org/au-research/vocabulary/anzsrc-for/2008/040107
researchgraph.org/nci/f6037_1039_6578_5098,http://purl.org/au-research/vocabulary/anzsrc-for/2008/040107
researchgraph.org/nci/f3952_9072_1327_6105,http://purl.org/au-research/vocabulary/anzsrc-for/2008/040107
researchgraph.org/nci/f2654_3594_4032_4925,http://purl.org/au-research/vocabulary/anzsrc-for/2008/040107
researchgraph.org/nci/f9246_1580_9641_7296,http://purl.org/au-research/vocabulary/anzsrc-for/2008/040107
researchgraph.org/nci/f8927_8732_6047_3709,http://purl.org/au-research/vocabulary/anzsrc-for/2008/040107
researchgraph.org/nci/f4170_7184_2764_6780,http://purl.org/au-research/vocabulary/anzsrc-for/2008/040107
researchgraph.org/nci/f2405_6703_7349_8529,http://purl.org/au-research/vocabulary/anzsrc-for/2008/040107
researchgraph.org/nci/f7382_3428_2697_1603,http://purl.org/au-research/vocabulary/anzsrc-for/2008/040107
researchgraph.org/nci/f1896_9172_4985_4982,http://purl.org/au-research/vocabulary/anzsrc-for/2008/040107
researchgraph.org/nci/f9147_5038_4683_1936,http://purl.org/au-research/vocabulary/anzsrc-for/2008/040107
researchgraph.org/nci/f0348_0634_4608_4569,http://purl.org/au-research/vocabulary/anzsrc-for/2008/040107
researchgraph.org/nci/f0952_5319_5471_0637,http://purl.org/au-research/vocabulary/anzsrc-for/2008/040107
researchgraph.org/nci/f8410_2931_2578_9340,http://purl.org/au-research/vocabulary/anzsrc-for/2008/040107
researchgraph.org/nci/f7301_0489_5074_4019,http://purl.org/au-research/vocabulary/anzsrc-for/2008/0406
researchgraph.org/nci/f1670_0152_6795_5371,http://purl.org/au-research/vocabulary/anzsrc-for/2008/0406
researchgraph.org/nci/f7568_6507_0928_0164,http://purl.org/au-research/vocabulary/anzsrc-for/2008/0406
researchgraph.org/nci/f1625_8256_5713_3895,http://purl.org/au-research/vocabulary/anzsrc-for/2008/0406
researchgraph.org/nci/f3837_5807_8653_5155,http://purl.org/au-research/vocabulary/anzsrc-for/2008/040605
researchgraph.org/nci/f6916_7696_9410_6064,http://purl.org/au-research/vocabulary/anzsrc-for/2008/0406
researchgraph.org/nci/dbcc0c59-81e6-4eed-e044-00144fdd4fa6,http://purl.org/au-research/vocabulary/anzsrc-for/2008/0404
researchgraph.org/nci/f5881_7755_8168_3041,http://purl.org/au-research/vocabulary/anzsrc-for/2008/0401
researchgraph.org/nci/f7961_8407_6352_4630,http://purl.org/au-research/vocabulary/anzsrc-for/2008/0404
researchgraph.org/nci/f7333_4709_4926_3668,http://purl.org/au-research/vocabulary/anzsrc-for/2008/0404
researchgraph.org/nci/f3322_5441_1266_5761,http://purl.org/au-research/vocabulary/anzsrc-for/2008/04
researchgraph.org/nci/f5210_8718_6512_7201,http://purl.org/au-research/vocabulary/anzsrc-for/2008/040107
researchgraph.org/nci/f8659_3925_3724_1599,http://purl.org/au-research/vocabulary/anzsrc-for/2008/0405
researchgraph.org/nci/f6360_4389_5099_9549,http://purl.org/au-research/vocabulary/anzsrc-for/2008/040503
researchgraph.org/nci/f6718_5138_7461_1216,http://purl.org/au-research/vocabulary/anzsrc-for/2008/040503
researchgraph.org/nci/f5706_5391_7282_4551,http://purl.org/au-research/vocabulary/anzsrc-for/2008/040503
researchgraph.org/nci/f6453_4235_6400_6448,http://purl.org/au-research/vocabulary/anzsrc-for/2008/0403
researchgraph.org/nci/f9185_9609_2048_8751,http://purl.org/au-research/vocabulary/anzsrc-for/2008/040107
researchgraph.org/nci/f2962_8891_3711_7069,http://purl.org/au-research/vocabulary/anzsrc-for/2008/040104
researchgraph.org/nci/f7547_7191_8151_2646,http://purl.org/au-research/vocabulary/anzsrc-for/2008/040107
researchgraph.org/nci/f2101_2201_4294_8001,http://purl.org/au-research/vocabulary/anzsrc-for/2008/0201
researchgraph.org/nci/f9251_9728_4386_9439,http://purl.org/au-research/vocabulary/anzsrc-for/2008/040107
researchgraph.org/nci/278a7db2-d31f-44b1-bb19-f617d913a545,http://purl.org/au-research/vocabulary/anzsrc-for/2008/0502
researchgraph.org/nci/f8017_7963_0419_8723,http://purl.org/au-research/vocabulary/anzsrc-for/2008/040608
researchgraph.org/nci/f3986_1864_6028_8916,http://purl.org/au-research/vocabulary/anzsrc-for/2008/040608
researchgraph.org/nci/f9481_4520_3890_2938,http://purl.org/au-research/vocabulary/anzsrc-for/2008/040608
researchgraph.org/nci/f4712_0826_0961_0527,http://purl.org/au-research/vocabulary/anzsrc-for/2008/0406
researchgraph.org/nci/f9341_0137_3210_9142,http://purl.org/au-research/vocabulary/anzsrc-for/2008/040608
researchgraph.org/nci/f4918_5876_1243_8730,http://purl.org/au-research/vocabulary/anzsrc-for/2008/040608
researchgraph.org/nci/f9263_7406_7360_5029,http://purl.org/au-research/vocabulary/anzsrc-for/2008/0404
researchgraph.org/nci/f8517_1926_8237_3802,http://purl.org/au-research/vocabulary/anzsrc-for/2008/0404
researchgraph.org/nci/f4960_4221_6149_5200,http://purl.org/au-research/vocabulary/anzsrc-for/2008/0404
researchgraph.org/nci/f2950_9825_2934_7413,http://purl.org/au-research/vocabulary/anzsrc-for/2008/0406
researchgraph.org/nci/f2960_7256_0451_8237,http://purl.org/au-research/vocabulary/anzsrc-for/2008/0406
researchgraph.org/nci/f5292_9687_7600_7429,http://purl.org/au-research/vocabulary/anzsrc-for/2008/0404
researchgraph.org/nci/f6578_1360_4385_6972,http://purl.org/au-research/vocabulary/anzsrc-for/2008/040608
researchgraph.org/nci/f2719_0314_6321_3804,http://purl.org/au-research/vocabulary/anzsrc-for/2008/040608
researchgraph.org/nci/f6487_1475_2685_7369,http://purl.org/au-research/vocabulary/anzsrc-for/2008/0406
researchgraph.org/nci/f0785_9283_3572_0293,http://purl.org/au-research/vocabulary/anzsrc-for/2008/0406
researchgraph.org/nci/f6421_5617_1964_7432,http://purl.org/au-research/vocabulary/anzsrc-for/2008/0406
researchgraph.org/nci/f1937_5042_4765_6207,http://purl.org/au-research/vocabulary/anzsrc-for/2008/0406
researchgraph.org/nci/f6835_9362_8942_1293,http://purl.org/au-research/vocabulary/anzsrc-for/2008/0406
researchgraph.org/nci/f1578_1725_5138_5693,http://purl.org/au-research/vocabulary/anzsrc-for/2008/0406
researchgraph.org/nci/f7810_4312_6803_4860,http://purl.org/au-research/vocabulary/anzsrc-for/2008/0406
researchgraph.org/nci/f3825_6739_1967_5297,http://purl.org/au-research/vocabulary/anzsrc-for/2008/0406
researchgraph.org/nci/f1640_6678_9272_6010,http://purl.org/au-research/vocabulary/anzsrc-for/2008/0404
researchgraph.org/nci/f3905_6032_5461_7930,http://purl.org/au-research/vocabulary/anzsrc-for/2008/0406
researchgraph.org/nci/f7259_3498_6483_7038,http://purl.org/au-research/vocabulary/anzsrc-for/2008/0406
researchgraph.org/nci/f2954_3124_3175_2315,http://purl.org/au-research/vocabulary/anzsrc-for/2008/0406
researchgraph.org/nci/f0765_7835_0856_7543,http://purl.org/au-research/vocabulary/anzsrc-for/2008/0406
researchgraph.org/nci/f1950_1453_9803_1052,http://purl.org/au-research/vocabulary/anzsrc-for/2008/0406
researchgraph.org/nci/f4591_5643_1302_2483,http://purl.org/au-research/vocabulary/anzsrc-for/2008/0406
researchgraph.org/nci/f4218_3825_6213_4318,http://purl.org/au-research/vocabulary/anzsrc-for/2008/0406
researchgraph.org/nci/f9528_4538_7182_6758,http://purl.org/au-research/vocabulary/anzsrc-for/2008/0406
researchgraph.org/nci/f2507_4967_9761_6827,http://purl.org/au-research/vocabulary/anzsrc-for/2008/0406
researchgraph.org/nci/f0168_2176_5913_7196,http://purl.org/au-research/vocabulary/anzsrc-for/2008/0406
researchgraph.org/nci/f0159_4690_2501_2783,http://purl.org/au-research/vocabulary/anzsrc-for/2008/0406
researchgraph.org/nci/f9814_5380_4836_6732,http://purl.org/au-research/vocabulary/anzsrc-for/2008/0404
researchgraph.org/nci/f5182_1702_3851_4672,http://purl.org/au-research/vocabulary/anzsrc-for/2008/0406
researchgraph.org/nci/f1686_7163_7478_5808,http://purl.org/au-research/vocabulary/anzsrc-for/2008/0404
researchgraph.org/nci/f3197_8386_1440_4330,http://purl.org/au-research/vocabulary/anzsrc-for/2008/0406
researchgraph.org/nci/4769dfb1-0f51-4e4f-9ba7-55353eb1ba58,http://purl.org/au-research/vocabulary/anzsrc-for/2008/0406
researchgraph.org/nci/980e9eea-a334-463c-af11-f64c59d1c8b8,http://purl.org/au-research/vocabulary/anzsrc-for/2008/0406
researchgraph.org/nci/7ba82c39-e9aa-418c-9a6b-9d6dd543b665,http://purl.org/au-research/vocabulary/anzsrc-for/2008/0406
researchgraph.org/nci/fef25026-23be-474a-9e72-52fdfb7c2cf6,http://purl.org/au-research/vocabulary/anzsrc-for/2008/0406
researchgraph.org/nci/14ff1542-0375-afc5-e053-10a3070a0565,http://purl.org/au-research/vocabulary/anzsrc-for/2008/0406
researchgraph.org/nci/b64b95ae-e3b7-4892-bd0a-8c00630e1139,http://purl.org/au-research/vocabulary/anzsrc-for/2008/0406
researchgraph.org/nci/4c7e5266-feb2-4103-9377-10f5605d9d89,http://purl.org/au-research/vocabulary/anzsrc-for/2008/0406
researchgraph.org/nci/266c5d04-14be-eaf8-e053-12a3070a3e8e,http://purl.org/au-research/vocabulary/anzsrc-for/2008/0406
researchgraph.org/nci/266cffae-39f0-0db4-e053-10a3070ad60b,http://purl.org/au-research/vocabulary/anzsrc-for/2008/0406
researchgraph.org/nci/c6de0bb5-1ba1-635e-e044-00144fdd4fa6,http://purl.org/au-research/vocabulary/anzsrc-for/2008/0406
researchgraph.org/nci/59af5cda-e7e7-4bc4-9fa7-a4e7f9b8964d,http://purl.org/au-research/vocabulary/anzsrc-for/2008/0406
researchgraph.org/nci/f8095_2586_2681_2375,http://purl.org/au-research/vocabulary/anzsrc-for/2008/040107
researchgraph.org/nci/f2803_0612_3672_4239,http://purl.org/au-research/vocabulary/anzsrc-for/2008/040107
researchgraph.org/nci/f2095_8132_4259_4125,http://purl.org/au-research/vocabulary/anzsrc-for/2008/040107
researchgraph.org/nci/f8510_1385_3021_0891,http://purl.org/au-research/vocabulary/anzsrc-for/2008/040107
researchgraph.org/nci/f6290_0438_8759_8952,http://purl.org/au-research/vocabulary/anzsrc-for/2008/040107
researchgraph.org/nci/f8973_0178_4936_8145,http://purl.org/au-research/vocabulary/anzsrc-for/2008/040107
researchgraph.org/nci/f9781_3471_9712_5739,http://purl.org/au-research/vocabulary/anzsrc-for/2008/040107
researchgraph.org/nci/f7195_1509_0395_3967,http://purl.org/au-research/vocabulary/anzsrc-for/2008/040107
researchgraph.org/nci/f1469_8915_6392_5682,http://purl.org/au-research/vocabulary/anzsrc-for/2008/040107
researchgraph.org/nci/b9c47425-6a34-4bb6-bcc0-6f9bfebaf70c,http://purl.org/au-research/vocabulary/anzsrc-for/2008/0406
researchgraph.org/nci/2a4ff2d6-ed89-493f-80a7-d1f4e1098c21,http://purl.org/au-research/vocabulary/anzsrc-for/2008/0406
researchgraph.org/nci/3a2cd509-0e82-4381-98c7-522756da533b,http://purl.org/au-research/vocabulary/anzsrc-for/2008/0406
researchgraph.org/nci/f5216_8469_1645_4791,http://purl.org/au-research/vocabulary/anzsrc-for/2008/0406
researchgraph.org/nci/f9186_9418_6570_9615,http://purl.org/au-research/vocabulary/anzsrc-for/2008/0406
researchgraph.org/nci/f8257_4526_6120_4203,http://purl.org/au-research/vocabulary/anzsrc-for/2008/0406
researchgraph.org/nci/f1037_8219_8659_8697,http://purl.org/au-research/vocabulary/anzsrc-for/2008/0406
researchgraph.org/nci/f9420_5783_5692_1342,http://purl.org/au-research/vocabulary/anzsrc-for/2008/0406
researchgraph.org/nci/f9830_5139_7146_7623,http://purl.org/au-research/vocabulary/anzsrc-for/2008/040608
researchgraph.org/nci/f6470_4075_9306_8637,http://purl.org/au-research/vocabulary/anzsrc-for/2008/040608
researchgraph.org/nci/f0764_8625_8729_7431,http://purl.org/au-research/vocabulary/anzsrc-for/2008/040608
researchgraph.org/nci/f8049_2573_9628_7641,http://purl.org/au-research/vocabulary/anzsrc-for/2008/040608
researchgraph.org/nci/f6241_7029_9724_8143,http://purl.org/au-research/vocabulary/anzsrc-for/2008/040608
researchgraph.org/nci/f0538_9654_5729_1740,http://purl.org/au-research/vocabulary/anzsrc-for/2008/040608
researchgraph.org/nci/f9142_3105_0672_4156,http://purl.org/au-research/vocabulary/anzsrc-for/2008/040608
researchgraph.org/nci/f4581_2817_8793_7501,http://purl.org/au-research/vocabulary/anzsrc-for/2008/040608
researchgraph.org/nci/f5913_6299_9921_2593,http://purl.org/au-research/vocabulary/anzsrc-for/2008/04
researchgraph.org/nci/f7001_8949_3878_9898,http://purl.org/au-research/vocabulary/anzsrc-for/2008/0406
researchgraph.org/nci/f8227_3874_4626_8108,http://purl.org/au-research/vocabulary/anzsrc-for/2008/0406
researchgraph.org/nci/f4593_3601_6324_5182,http://purl.org/au-research/vocabulary/anzsrc-for/2008/0406
researchgraph.org/nci/f3702_4477_8777_1743,http://purl.org/au-research/vocabulary/anzsrc-for/2008/040608
researchgraph.org/nci/d8324405-1ffc-48f3-b65d-c1d4e4c804db,http://purl.org/au-research/vocabulary/anzsrc-for/2008/040102
researchgraph.org/nci/9c214238-c442-4e9c-b014-de85bc357311,http://purl.org/au-research/vocabulary/anzsrc-for/2008/040102
researchgraph.org/nci/45c0e69d-c0e1-40f1-bb5a-389875cb6552,http://purl.org/au-research/vocabulary/anzsrc-for/2008/040102
researchgraph.org/nci/c555e318-3ca4-49ac-b4ef-3bfec7e4b2ee,http://purl.org/au-research/vocabulary/anzsrc-for/2008/040102
researchgraph.org/nci/b318e300-eceb-4102-be6e-f70be0a21b44,http://purl.org/au-research/vocabulary/anzsrc-for/2008/040102
researchgraph.org/nci/33cee4d2-a1b7-4f29-a0be-c21732d06ed7,http://purl.org/au-research/vocabulary/anzsrc-for/2008/040102
researchgraph.org/nci/807520a6-8bc1-49f9-92d1-973885f5c0cd,http://purl.org/au-research/vocabulary/anzsrc-for/2008/040102
researchgraph.org/nci/018be62e-b980-41cd-acff-ee6c908336c2,http://purl.org/au-research/vocabulary/anzsrc-for/2008/040102
researchgraph.org/nci/dbbe47e8-174b-4e02-8a85-43319a11f86e,http://purl.org/au-research/vocabulary/anzsrc-for/2008/040102
researchgraph.org/nci/100fe383-a2df-42aa-8c01-02d0f20110ee,http://purl.org/au-research/vocabulary/anzsrc-for/2008/040102
researchgraph.org/nci/79139791-0ea4-46cc-8da4-7b33a1d9e149,http://purl.org/au-research/vocabulary/anzsrc-for/2008/040102
researchgraph.org/nci/d7c12171-accb-42bd-91e5-f7297a7413a3,http://purl.org/au-research/vocabulary/anzsrc-for/2008/040102
researchgraph.org/nci/f541ad73-2c47-4f59-9aa4-7d679fdd824d,http://purl.org/au-research/vocabulary/anzsrc-for/2008/040102
researchgraph.org/nci/bd33c01e-8212-42ab-b644-064812992c55,http://purl.org/au-research/vocabulary/anzsrc-for/2008/040102
researchgraph.org/nci/19fc382c-6317-48d6-b174-4b4664fb10cd,http://purl.org/au-research/vocabulary/anzsrc-for/2008/0406
researchgraph.org/nci/0bf01609-fde2-3d9c-e054-00144fdd4fa6,http://purl.org/au-research/vocabulary/anzsrc-for/2008/0406
researchgraph.org/nci/1c8691f4-d7a0-c4f2-e053-10a3070adc83,http://purl.org/au-research/vocabulary/anzsrc-for/2008/0406
researchgraph.org/nci/d887e71a-71dc-4851-94a9-920f7b7cc7e5,http://purl.org/au-research/vocabulary/anzsrc-for/2008/0406
researchgraph.org/nci/57a614ad-bb70-4958-8970-73f918fa57a8,http://purl.org/au-research/vocabulary/anzsrc-for/2008/040102
researchgraph.org/nci/f8681_7816_9403_4068,02http://purl.org/au-research/vocabulary/anzsrc-for/2008/0406
researchgraph.org/nci/7c6e5852-5f44-4422-8ef1-a1225f6ebc53,http://purl.org/au-research/vocabulary/anzsrc-for/2008/040107
researchgraph.org/nci/f1322_4781_8024_6369,http://purl.org/au-research/vocabulary/anzsrc-for/2008/040107
researchgraph.org/nci/2ff698ee-35f0-46ec-ac67-ed42c46606d0,http://purl.org/au-research/vocabulary/anzsrc-for/2008/040102
researchgraph.org/nci/8a5a10d8-3caa-4b43-a190-06798acabbb7,http://purl.org/au-research/vocabulary/anzsrc-for/2008/040102
researchgraph.org/nci/207dfe87-f80a-4c79-8bce-5ae017081505,http://purl.org/au-research/vocabulary/anzsrc-for/2008/040102
researchgraph.org/nci/5f7790ba-22aa-49ec-89e0-63782edd523c,http://purl.org/au-research/vocabulary/anzsrc-for/2008/040102
researchgraph.org/nci/f9080_9449_8269_1718,http://purl.org/au-research/vocabulary/anzsrc-for/2008/0406
researchgraph.org/nci/f4093_2998_3846_6573,http://purl.org/au-research/vocabulary/anzsrc-for/2008/040107
researchgraph.org/nci/f2470_7608_6064_2841,http://purl.org/au-research/vocabulary/anzsrc-for/2008/0401
researchgraph.org/nci/f2116_3836_9621_7009,http://purl.org/au-research/vocabulary/anzsrc-for/2008/0401
researchgraph.org/nci/f5956_7503_6028_7510,http://purl.org/au-research/vocabulary/anzsrc-for/2008/0401
researchgraph.org/nci/f4474_2194_8363_3599,http://purl.org/au-research/vocabulary/anzsrc-for/2008/0401
researchgraph.org/nci/f4642_3219_1692_4900,http://purl.org/au-research/vocabulary/anzsrc-for/2008/0401
researchgraph.org/nci/f2337_2674_2774_8276,http://purl.org/au-research/vocabulary/anzsrc-for/2008/0401
researchgraph.org/nci/f9659_7404_5147_5011,http://purl.org/au-research/vocabulary/anzsrc-for/2008/0401
researchgraph.org/nci/f7049_4967_9772_7609,http://purl.org/au-research/vocabulary/anzsrc-for/2008/0401
researchgraph.org/nci/f3094_5136_1742_9946,http://purl.org/au-research/vocabulary/anzsrc-for/2008/0401
researchgraph.org/nci/f8365_7350_5227_1096,http://purl.org/au-research/vocabulary/anzsrc-for/2008/0401
researchgraph.org/nci/f7231_8413_4946_1642,http://purl.org/au-research/vocabulary/anzsrc-for/2008/0401
researchgraph.org/nci/f7893_4692_5295_1580,http://purl.org/au-research/vocabulary/anzsrc-for/2008/0401
researchgraph.org/nci/f8135_1336_5582_4127,http://purl.org/au-research/vocabulary/anzsrc-for/2008/0401
researchgraph.org/nci/f8921_4714_4885_8281,http://purl.org/au-research/vocabulary/anzsrc-for/2008/0401